Workbook

Sheet ตารางสอน
B1: ตารางเรียนและตารางปฏิบัติงาน (TA) ภาคต้น ปีการศึกษา 2569
B3: ชื่อ | M3: รหัสนักศึกษา | R3: ระดับ | T3: ปริญญาตรี
B4: วัน | C4: 08.00-09.00 | E4: 09.00-10.00 | G4: 10.00-11.00 | I4: 11.00-12.00 | K4: 12.00-13.00 | M4: 13.00-14.00 | O4: 14.00-15.00 | Q4: 15.00-16.00 | S4: 16.00-17.00 | U4: 17.00-18.00 | W4: 18.00-19.00 | Y4: 19.00-20.00 | AA4: 20.00-21.00
B5: เวลา
B6: จันทร์
B8: อังคาร
B10: พุธ
B12: พฤหัส
B14: ศุกร์
B16: เสาร์
B18: อาทิตย์
B21: ลงชื่อ ...........................................................
B22: ="(" & I3 & ")"
B23: นักศึกษา

Sheet ภาคปกติ
A1: แบบใบเบิกค่าตอบแทนผู้ช่วยสอนและผู้ช่วยปฏิบัติงาน
A2: วิทยาลัยการคอมพิวเตอร์ มหาวิทยาลัยขอนแก่น
A3: ภาคการศึกษา ( / ) ต้น ( ) ปลาย ( ) ฤดูร้อน ปีการศึกษา 2569
B5: รายวิชาระดับ | C5: ( / ) | D5: ปริญญาตรี | F5: ( ) | G5: บัณฑิตศึกษา | I5: รหัสวิชา
C6: ( / ) | D6: ภาคปกติ | F6: ( ) | G6: โครงการพิเศษ
A7: ลำดับที่ | B7: ชื่อ-สกุล | C7: ระดับ | D7: ระยะเวลาที่สอน | H7: จำนวนชั่วโมงที่สอน | J7: หมายเหตุ
D8: วัน | E8: ว/ด/ป | F8: กลุ่มเรียน | G8: เวลาสอน | H8: บรรยาย | I8: ปฏิบัติการ
A9: 1 | B9: =ตารางสอน!I$3 | C9: {=_xlfn.IFS(ตารางสอน!T$3="ปริญญาตรี","ป.ตรี",ตารางสอน!T$3="ปริญญาโท","ป.โท",ตารางสอน!T$3="ปริญญาเอก","ป.เอก")} | H9: =IF(OR(J9="เช็คชื่อ",J9="ตรวจงาน",J9="เช็คชื่อ (ชดเชย)"), (TIMEVALUE(SUBSTITUTE(TRIM(_xlfn.TEXTAFTER(G9,"-")),".",":"))- TIMEVALUE(SUBSTITUTE(TRIM(_xlfn.TEXTBEFORE(G9,"-")),".",":")))*24, "") | I9: =IF(OR(J9="สอนปฏิบัติ",J9="สอนปฏิบัติ (ชดเชย)",J9="เตรียมเอกสารปฏิบัติ"), (TIMEVALUE(SUBSTITUTE(TRIM(_xlfn.TEXTAFTER(G9,"-")),".",":"))- TIMEVALUE(SUBSTITUTE(TRIM(_xlfn.TEXTBEFORE(G9,"-")),".",":")))*24, "")
H10: =IF(OR(J10="เช็คชื่อ",J10="ตรวจงาน",J10="เช็คชื่อ (ชดเชย)"), (TIMEVALUE(SUBSTITUTE(TRIM(_xlfn.TEXTAFTER(G10,"-")),".",":"))- TIMEVALUE(SUBSTITUTE(TRIM(_xlfn.TEXTBEFORE(G10,"-")),".",":")))*24, "") | I10: =IF(OR(J10="สอนปฏิบัติ",J10="สอนปฏิบัติ (ชดเชย)",J10="เตรียมเอกสารปฏิบัติ"), (TIMEVALUE(SUBSTITUTE(TRIM(_xlfn.TEXTAFTER(G10,"-")),".",":"))- TIMEVALUE(SUBSTITUTE(TRIM(_xlfn.TEXTBEFORE(G10,"-")),".",":")))*24, "")
H11: =IF(OR(J11="เช็คชื่อ",J11="ตรวจงาน",J11="เช็คชื่อ (ชดเชย)"), (TIMEVALUE(SUBSTITUTE(TRIM(_xlfn.TEXTAFTER(G11,"-")),".",":"))- TIMEVALUE(SUBSTITUTE(TRIM(_xlfn.TEXTBEFORE(G11,"-")),".",":")))*24, "") | I11: =IF(OR(J11="สอนปฏิบัติ",J11="สอนปฏิบัติ (ชดเชย)",J11="เตรียมเอกสารปฏิบัติ"), (TIMEVALUE(SUBSTITUTE(TRIM(_xlfn.TEXTAFTER(G11,"-")),".",":"))- TIMEVALUE(SUBSTITUTE(TRIM(_xlfn.TEXTBEFORE(G11,"-")),".",":")))*24, "")
H12: =IF(OR(J12="เช็คชื่อ",J12="ตรวจงาน",J12="เช็คชื่อ (ชดเชย)"), (TIMEVALUE(SUBSTITUTE(TRIM(_xlfn.TEXTAFTER(G12,"-")),".",":"))- TIMEVALUE(SUBSTITUTE(TRIM(_xlfn.TEXTBEFORE(G12,"-")),".",":")))*24, "") | I12: =IF(OR(J12="สอนปฏิบัติ",J12="สอนปฏิบัติ (ชดเชย)",J12="เตรียมเอกสารปฏิบัติ"), (TIMEVALUE(SUBSTITUTE(TRIM(_xlfn.TEXTAFTER(G12,"-")),".",":"))- TIMEVALUE(SUBSTITUTE(TRIM(_xlfn.TEXTBEFORE(G12,"-")),".",":")))*24, "")
H13: =IF(OR(J13="เช็คชื่อ",J13="ตรวจงาน",J13="เช็คชื่อ (ชดเชย)"), (TIMEVALUE(SUBSTITUTE(TRIM(_xlfn.TEXTAFTER(G13,"-")),".",":"))- TIMEVALUE(SUBSTITUTE(TRIM(_xlfn.TEXTBEFORE(G13,"-")),".",":")))*24, "") | I13: =IF(OR(J13="สอนปฏิบัติ",J13="สอนปฏิบัติ (ชดเชย)",J13="เตรียมเอกสารปฏิบัติ"), (TIMEVALUE(SUBSTITUTE(TRIM(_xlfn.TEXTAFTER(G13,"-")),".",":"))- TIMEVALUE(SUBSTITUTE(TRIM(_xlfn.TEXTBEFORE(G13,"-")),".",":")))*24, "")
H14: =IF(OR(J14="เช็คชื่อ",J14="ตรวจงาน",J14="เช็คชื่อ (ชดเชย)"), (TIMEVALUE(SUBSTITUTE(TRIM(_xlfn.TEXTAFTER(G14,"-")),".",":"))- TIMEVALUE(SUBSTITUTE(TRIM(_xlfn.TEXTBEFORE(G14,"-")),".",":")))*24, "") | I14: =IF(OR(J14="สอนปฏิบัติ",J14="สอนปฏิบัติ (ชดเชย)",J14="เตรียมเอกสารปฏิบัติ"), (TIMEVALUE(SUBSTITUTE(TRIM(_xlfn.TEXTAFTER(G14,"-")),".",":"))- TIMEVALUE(SUBSTITUTE(TRIM(_xlfn.TEXTBEFORE(G14,"-")),".",":")))*24, "")
H15: =IF(OR(J15="เช็คชื่อ",J15="ตรวจงาน",J15="เช็คชื่อ (ชดเชย)"), (TIMEVALUE(SUBSTITUTE(TRIM(_xlfn.TEXTAFTER(G15,"-")),".",":"))- TIMEVALUE(SUBSTITUTE(TRIM(_xlfn.TEXTBEFORE(G15,"-")),".",":")))*24, "") | I15: =IF(OR(J15="สอนปฏิบัติ",J15="สอนปฏิบัติ (ชดเชย)",J15="เตรียมเอกสารปฏิบัติ"), (TIMEVALUE(SUBSTITUTE(TRIM(_xlfn.TEXTAFTER(G15,"-")),".",":"))- TIMEVALUE(SUBSTITUTE(TRIM(_xlfn.TEXTBEFORE(G15,"-")),".",":")))*24, "")
H16: =IF(OR(J16="เช็คชื่อ",J16="ตรวจงาน",J16="เช็คชื่อ (ชดเชย)"), (TIMEVALUE(SUBSTITUTE(TRIM(_xlfn.TEXTAFTER(G16,"-")),".",":"))- TIMEVALUE(SUBSTITUTE(TRIM(_xlfn.TEXTBEFORE(G16,"-")),".",":")))*24, "") | I16: =IF(OR(J16="สอนปฏิบัติ",J16="สอนปฏิบัติ (ชดเชย)",J16="เตรียมเอกสารปฏิบัติ"), (TIMEVALUE(SUBSTITUTE(TRIM(_xlfn.TEXTAFTER(G16,"-")),".",":"))- TIMEVALUE(SUBSTITUTE(TRIM(_xlfn.TEXTBEFORE(G16,"-")),".",":")))*24, "")
H17: =IF(OR(J17="เช็คชื่อ",J17="ตรวจงาน",J17="เช็คชื่อ (ชดเชย)"), (TIMEVALUE(SUBSTITUTE(TRIM(_xlfn.TEXTAFTER(G17,"-")),".",":"))- TIMEVALUE(SUBSTITUTE(TRIM(_xlfn.TEXTBEFORE(G17,"-")),".",":")))*24, "") | I17: =IF(OR(J17="สอนปฏิบัติ",J17="สอนปฏิบัติ (ชดเชย)",J17="เตรียมเอกสารปฏิบัติ"), (TIMEVALUE(SUBSTITUTE(TRIM(_xlfn.TEXTAFTER(G17,"-")),".",":"))- TIMEVALUE(SUBSTITUTE(TRIM(_xlfn.TEXTBEFORE(G17,"-")),".",":")))*24, "")
H18: =IF(OR(J18="เช็คชื่อ",J18="ตรวจงาน",J18="เช็คชื่อ (ชดเชย)"), (TIMEVALUE(SUBSTITUTE(TRIM(_xlfn.TEXTAFTER(G18,"-")),".",":"))- TIMEVALUE(SUBSTITUTE(TRIM(_xlfn.TEXTBEFORE(G18,"-")),".",":")))*24, "") | I18: =IF(OR(J18="สอนปฏิบัติ",J18="สอนปฏิบัติ (ชดเชย)",J18="เตรียมเอกสารปฏิบัติ"), (TIMEVALUE(SUBSTITUTE(TRIM(_xlfn.TEXTAFTER(G18,"-")),".",":"))- TIMEVALUE(SUBSTITUTE(TRIM(_xlfn.TEXTBEFORE(G18,"-")),".",":")))*24, "")
H19: =IF(OR(J19="เช็คชื่อ",J19="ตรวจงาน",J19="เช็คชื่อ (ชดเชย)"), (TIMEVALUE(SUBSTITUTE(TRIM(_xlfn.TEXTAFTER(G19,"-")),".",":"))- TIMEVALUE(SUBSTITUTE(TRIM(_xlfn.TEXTBEFORE(G19,"-")),".",":")))*24, "") | I19: =IF(OR(J19="สอนปฏิบัติ",J19="สอนปฏิบัติ (ชดเชย)",J19="เตรียมเอกสารปฏิบัติ"), (TIMEVALUE(SUBSTITUTE(TRIM(_xlfn.TEXTAFTER(G19,"-")),".",":"))- TIMEVALUE(SUBSTITUTE(TRIM(_xlfn.TEXTBEFORE(G19,"-")),".",":")))*24, "")
H20: =IF(OR(J20="เช็คชื่อ",J20="ตรวจงาน",J20="เช็คชื่อ (ชดเชย)"), (TIMEVALUE(SUBSTITUTE(TRIM(_xlfn.TEXTAFTER(G20,"-")),".",":"))- TIMEVALUE(SUBSTITUTE(TRIM(_xlfn.TEXTBEFORE(G20,"-")),".",":")))*24, "") | I20: =IF(OR(J20="สอนปฏิบัติ",J20="สอนปฏิบัติ (ชดเชย)",J20="เตรียมเอกสารปฏิบัติ"), (TIMEVALUE(SUBSTITUTE(TRIM(_xlfn.TEXTAFTER(G20,"-")),".",":"))- TIMEVALUE(SUBSTITUTE(TRIM(_xlfn.TEXTBEFORE(G20,"-")),".",":")))*24, "")
H21: =IF(OR(J21="เช็คชื่อ",J21="ตรวจงาน",J21="เช็คชื่อ (ชดเชย)"), (TIMEVALUE(SUBSTITUTE(TRIM(_xlfn.TEXTAFTER(G21,"-")),".",":"))- TIMEVALUE(SUBSTITUTE(TRIM(_xlfn.TEXTBEFORE(G21,"-")),".",":")))*24, "") | I21: =IF(OR(J21="สอนปฏิบัติ",J21="สอนปฏิบัติ (ชดเชย)",J21="เตรียมเอกสารปฏิบัติ"), (TIMEVALUE(SUBSTITUTE(TRIM(_xlfn.TEXTAFTER(G21,"-")),".",":"))- TIMEVALUE(SUBSTITUTE(TRIM(_xlfn.TEXTBEFORE(G21,"-")),".",":")))*24, "")
... H23: =IF(OR(J23="เช็คชื่อ",J23="ตรวจงาน",J23="เช็คชื่อ (ชดเชย)"), (TIMEVALUE(SUBSTITUTE(TRIM(_xlfn.TEXTAFTER(G23,"-")),".",":"))- TIMEVALUE(SUBSTITUTE(TRIM(_xlfn.TEXTBEFORE(G23,"-")),".",":")))*24, "") | I23: =IF(OR(J23="สอนปฏิบัติ",J23="สอนปฏิบัติ (ชดเชย)",J23="เตรียมเอกสารปฏิบัติ"), (TIMEVALUE(SUBSTITUTE(TRIM(_xlfn.TEXTAFTER(G23,"-")),".",":"))- TIMEVALUE(SUBSTITUTE(TRIM(_xlfn.TEXTBEFORE(G23,"-")),".",":")))*24, "")
C24: รวมเวลาที่สอน | D24: ปริญญาตรี | H24: =IF(C9="ป.ตรี", SUM(H9:H23),"") | I24: =IF(C9="ป.ตรี", SUM(I9:I23),"")
D25: ปริญญาโท/เอก | H25: =IF(OR(C9="ป.โท", C9="ป.เอก"), SUM(H9:H23),"") | I25: =IF(OR(C9="ป.โท", C9="ป.เอก"), SUM(I9:I23),"")
A26: จำนวนเงินที่ขอเบิก
B27: - ปริญญาตรี (ภาคปกติ) | C27: =IF(C9="ป.ตรี", SUM(H24:I25),"-") | D27: ชั่วโมง | E27: อัตราชั่วโมงละ | F27: 40 | G27: บาท
B28: - ปริญญาตรี (โครงการพิเศษ) | C28: - | D28: ชั่วโมง | E28: อัตราชั่วโมงละ | F28: 50 | G28: บาท
B29: - ปริญญาโท/เอก (ภาคปกติ) | C29: =IF(OR(C9="ป.โท", C9="ป.เอก"), SUM(H24:I25),"-") | D29: ชั่วโมง | E29: อัตราชั่วโมงละ | F29: 50 | G29: บาท
B30: - ปริญญาโท/เอก (ภาคพิเศษ) | C30: -
A33: ผู้ปฏิบัติงาน | E33: อาจารย์ผู้สอน | H33: ผู้รับรอง
A35: ลงชื่อ…………....…...……………….....… | D35: ลงชื่อ…………..............…………………… | H35: ลงชื่อ…………....………….........…………
A36: =ตารางสอน!B22
A37: วันที่….เดือน…………..…พ.ศ…..…… | D37: วันที่….เดือน…………..…พ.ศ…..…… | H37: ตำแหน่ง หัวหน้าสาขาวิชาวิทยาการคอมพิวเตอร์
H38: วันที่……เดือน.………..…พ.ศ…..…

Sheet โครงการพิเศษ
A1: แบบใบเบิกค่าตอบแทนผู้ช่วยสอนและผู้ช่วยปฏิบัติงาน
A2: วิทยาลัยการคอมพิวเตอร์ มหาวิทยาลัยขอนแก่น
A3: =ภาคปกติ!A3
A4: =ภาคปกติ!A4
B5: รายวิชาระดับ | C5: ( / ) | D5: ปริญญาตรี | F5: ( ) | G5: บัณฑิตศึกษา | I5: รหัสวิชา | J5: =ภาคปกติ!J5
C6: ( ) | D6: ภาคปกติ | F6: ( / ) | G6: โครงการพิเศษ
A7: ลำดับที่ | B7: ชื่อ-สกุล | C7: ระดับ | D7: ระยะเวลาที่สอน | H7: จำนวนชั่วโมงที่สอน | J7: หมายเหตุ
D8: วัน | E8: ว/ด/ป | F8: กลุ่มเรียน | G8: เวลาสอน | H8: บรรยาย | I8: ปฏิบัติการ
A9: 1 | B9: =ตารางสอน!I$3 | C9: {=_xlfn.IFS(ตารางสอน!T$3="ปริญญาตรี","ป.ตรี",ตารางสอน!T$3="ปริญญาโท","ป.โท",ตารางสอน!T$3="ปริญญาเอก","ป.เอก")} | H9: =IF(OR(J9="เช็คชื่อ",J9="ตรวจงาน",J9="เช็คชื่อ (ชดเชย)"), (TIMEVALUE(SUBSTITUTE(TRIM(_xlfn.TEXTAFTER(G9,"-")),".",":"))- TIMEVALUE(SUBSTITUTE(TRIM(_xlfn.TEXTBEFORE(G9,"-")),".",":")))*24, "") | I9: =IF(OR(J9="สอนปฏิบัติ",J9="สอนปฏิบัติ (ชดเชย)",J9="เตรียมเอกสารปฏิบัติ"), (TIMEVALUE(SUBSTITUTE(TRIM(_xlfn.TEXTAFTER(G9,"-")),".",":"))- TIMEVALUE(SUBSTITUTE(TRIM(_xlfn.TEXTBEFORE(G9,"-")),".",":")))*24, "")
H10: =IF(OR(J10="เช็คชื่อ",J10="ตรวจงาน",J10="เช็คชื่อ (ชดเชย)"), (TIMEVALUE(SUBSTITUTE(TRIM(_xlfn.TEXTAFTER(G10,"-")),".",":"))- TIMEVALUE(SUBSTITUTE(TRIM(_xlfn.TEXTBEFORE(G10,"-")),".",":")))*24, "") | I10: =IF(OR(J10="สอนปฏิบัติ",J10="สอนปฏิบัติ (ชดเชย)",J10="เตรียมเอกสารปฏิบัติ"), (TIMEVALUE(SUBSTITUTE(TRIM(_xlfn.TEXTAFTER(G10,"-")),".",":"))- TIMEVALUE(SUBSTITUTE(TRIM(_xlfn.TEXTBEFORE(G10,"-")),".",":")))*24, "")
H11: =IF(OR(J11="เช็คชื่อ",J11="ตรวจงาน",J11="เช็คชื่อ (ชดเชย)"), (TIMEVALUE(SUBSTITUTE(TRIM(_xlfn.TEXTAFTER(G11,"-")),".",":"))- TIMEVALUE(SUBSTITUTE(TRIM(_xlfn.TEXTBEFORE(G11,"-")),".",":")))*24, "") | I11: =IF(OR(J11="สอนปฏิบัติ",J11="สอนปฏิบัติ (ชดเชย)",J11="เตรียมเอกสารปฏิบัติ"), (TIMEVALUE(SUBSTITUTE(TRIM(_xlfn.TEXTAFTER(G11,"-")),".",":"))- TIMEVALUE(SUBSTITUTE(TRIM(_xlfn.TEXTBEFORE(G11,"-")),".",":")))*24, "")
H12: =IF(OR(J12="เช็คชื่อ",J12="ตรวจงาน",J12="เช็คชื่อ (ชดเชย)"), (TIMEVALUE(SUBSTITUTE(TRIM(_xlfn.TEXTAFTER(G12,"-")),".",":"))- TIMEVALUE(SUBSTITUTE(TRIM(_xlfn.TEXTBEFORE(G12,"-")),".",":")))*24, "") | I12: =IF(OR(J12="สอนปฏิบัติ",J12="สอนปฏิบัติ (ชดเชย)",J12="เตรียมเอกสารปฏิบัติ"), (TIMEVALUE(SUBSTITUTE(TRIM(_xlfn.TEXTAFTER(G12,"-")),".",":"))- TIMEVALUE(SUBSTITUTE(TRIM(_xlfn.TEXTBEFORE(G12,"-")),".",":")))*24, "")
H13: =IF(OR(J13="เช็คชื่อ",J13="ตรวจงาน",J13="เช็คชื่อ (ชดเชย)"), (TIMEVALUE(SUBSTITUTE(TRIM(_xlfn.TEXTAFTER(G13,"-")),".",":"))- TIMEVALUE(SUBSTITUTE(TRIM(_xlfn.TEXTBEFORE(G13,"-")),".",":")))*24, "") | I13: =IF(OR(J13="สอนปฏิบัติ",J13="สอนปฏิบัติ (ชดเชย)",J13="เตรียมเอกสารปฏิบัติ"), (TIMEVALUE(SUBSTITUTE(TRIM(_xlfn.TEXTAFTER(G13,"-")),".",":"))- TIMEVALUE(SUBSTITUTE(TRIM(_xlfn.TEXTBEFORE(G13,"-")),".",":")))*24, "")
H14: =IF(OR(J14="เช็คชื่อ",J14="ตรวจงาน",J14="เช็คชื่อ (ชดเชย)"), (TIMEVALUE(SUBSTITUTE(TRIM(_xlfn.TEXTAFTER(G14,"-")),".",":"))- TIMEVALUE(SUBSTITUTE(TRIM(_xlfn.TEXTBEFORE(G14,"-")),".",":")))*24, "") | I14: =IF(OR(J14="สอนปฏิบัติ",J14="สอนปฏิบัติ (ชดเชย)",J14="เตรียมเอกสารปฏิบัติ"), (TIMEVALUE(SUBSTITUTE(TRIM(_xlfn.TEXTAFTER(G14,"-")),".",":"))- TIMEVALUE(SUBSTITUTE(TRIM(_xlfn.TEXTBEFORE(G14,"-")),".",":")))*24, "")
H15: =IF(OR(J15="เช็คชื่อ",J15="ตรวจงาน",J15="เช็คชื่อ (ชดเชย)"), (TIMEVALUE(SUBSTITUTE(TRIM(_xlfn.TEXTAFTER(G15,"-")),".",":"))- TIMEVALUE(SUBSTITUTE(TRIM(_xlfn.TEXTBEFORE(G15,"-")),".",":")))*24, "") | I15: =IF(OR(J15="สอนปฏิบัติ",J15="สอนปฏิบัติ (ชดเชย)",J15="เตรียมเอกสารปฏิบัติ"), (TIMEVALUE(SUBSTITUTE(TRIM(_xlfn.TEXTAFTER(G15,"-")),".",":"))- TIMEVALUE(SUBSTITUTE(TRIM(_xlfn.TEXTBEFORE(G15,"-")),".",":")))*24, "")
H16: =IF(OR(J16="เช็คชื่อ",J16="ตรวจงาน",J16="เช็คชื่อ (ชดเชย)"), (TIMEVALUE(SUBSTITUTE(TRIM(_xlfn.TEXTAFTER(G16,"-")),".",":"))- TIMEVALUE(SUBSTITUTE(TRIM(_xlfn.TEXTBEFORE(G16,"-")),".",":")))*24, "") | I16: =IF(OR(J16="สอนปฏิบัติ",J16="สอนปฏิบัติ (ชดเชย)",J16="เตรียมเอกสารปฏิบัติ"), (TIMEVALUE(SUBSTITUTE(TRIM(_xlfn.TEXTAFTER(G16,"-")),".",":"))- TIMEVALUE(SUBSTITUTE(TRIM(_xlfn.TEXTBEFORE(G16,"-")),".",":")))*24, "")
H17: =IF(OR(J17="เช็คชื่อ",J17="ตรวจงาน",J17="เช็คชื่อ (ชดเชย)"), (TIMEVALUE(SUBSTITUTE(TRIM(_xlfn.TEXTAFTER(G17,"-")),".",":"))- TIMEVALUE(SUBSTITUTE(TRIM(_xlfn.TEXTBEFORE(G17,"-")),".",":")))*24, "") | I17: =IF(OR(J17="สอนปฏิบัติ",J17="สอนปฏิบัติ (ชดเชย)",J17="เตรียมเอกสารปฏิบัติ"), (TIMEVALUE(SUBSTITUTE(TRIM(_xlfn.TEXTAFTER(G17,"-")),".",":"))- TIMEVALUE(SUBSTITUTE(TRIM(_xlfn.TEXTBEFORE(G17,"-")),".",":")))*24, "")
H18: =IF(OR(J18="เช็คชื่อ",J18="ตรวจงาน",J18="เช็คชื่อ (ชดเชย)"), (TIMEVALUE(SUBSTITUTE(TRIM(_xlfn.TEXTAFTER(G18,"-")),".",":"))- TIMEVALUE(SUBSTITUTE(TRIM(_xlfn.TEXTBEFORE(G18,"-")),".",":")))*24, "") | I18: =IF(OR(J18="สอนปฏิบัติ",J18="สอนปฏิบัติ (ชดเชย)",J18="เตรียมเอกสารปฏิบัติ"), (TIMEVALUE(SUBSTITUTE(TRIM(_xlfn.TEXTAFTER(G18,"-")),".",":"))- TIMEVALUE(SUBSTITUTE(TRIM(_xlfn.TEXTBEFORE(G18,"-")),".",":")))*24, "")
H19: =IF(OR(J19="เช็คชื่อ",J19="ตรวจงาน",J19="เช็คชื่อ (ชดเชย)"), (TIMEVALUE(SUBSTITUTE(TRIM(_xlfn.TEXTAFTER(G19,"-")),".",":"))- TIMEVALUE(SUBSTITUTE(TRIM(_xlfn.TEXTBEFORE(G19,"-")),".",":")))*24, "") | I19: =IF(OR(J19="สอนปฏิบัติ",J19="สอนปฏิบัติ (ชดเชย)",J19="เตรียมเอกสารปฏิบัติ"), (TIMEVALUE(SUBSTITUTE(TRIM(_xlfn.TEXTAFTER(G19,"-")),".",":"))- TIMEVALUE(SUBSTITUTE(TRIM(_xlfn.TEXTBEFORE(G19,"-")),".",":")))*24, "")
H20: =IF(OR(J20="เช็คชื่อ",J20="ตรวจงาน",J20="เช็คชื่อ (ชดเชย)"), (TIMEVALUE(SUBSTITUTE(TRIM(_xlfn.TEXTAFTER(G20,"-")),".",":"))- TIMEVALUE(SUBSTITUTE(TRIM(_xlfn.TEXTBEFORE(G20,"-")),".",":")))*24, "") | I20: =IF(OR(J20="สอนปฏิบัติ",J20="สอนปฏิบัติ (ชดเชย)",J20="เตรียมเอกสารปฏิบัติ"), (TIMEVALUE(SUBSTITUTE(TRIM(_xlfn.TEXTAFTER(G20,"-")),".",":"))- TIMEVALUE(SUBSTITUTE(TRIM(_xlfn.TEXTBEFORE(G20,"-")),".",":")))*24, "")
H21: =IF(OR(J21="เช็คชื่อ",J21="ตรวจงาน",J21="เช็คชื่อ (ชดเชย)"), (TIMEVALUE(SUBSTITUTE(TRIM(_xlfn.TEXTAFTER(G21,"-")),".",":"))- TIMEVALUE(SUBSTITUTE(TRIM(_xlfn.TEXTBEFORE(G21,"-")),".",":")))*24, "") | I21: =IF(OR(J21="สอนปฏิบัติ",J21="สอนปฏิบัติ (ชดเชย)",J21="เตรียมเอกสารปฏิบัติ"), (TIMEVALUE(SUBSTITUTE(TRIM(_xlfn.TEXTAFTER(G21,"-")),".",":"))- TIMEVALUE(SUBSTITUTE(TRIM(_xlfn.TEXTBEFORE(G21,"-")),".",":")))*24, "")
... H23: =IF(OR(J23="เช็คชื่อ",J23="ตรวจงาน",J23="เช็คชื่อ (ชดเชย)"), (TIMEVALUE(SUBSTITUTE(TRIM(_xlfn.TEXTAFTER(G23,"-")),".",":"))- TIMEVALUE(SUBSTITUTE(TRIM(_xlfn.TEXTBEFORE(G23,"-")),".",":")))*24, "") | I23: =IF(OR(J23="สอนปฏิบัติ",J23="สอนปฏิบัติ (ชดเชย)",J23="เตรียมเอกสารปฏิบัติ"), (TIMEVALUE(SUBSTITUTE(TRIM(_xlfn.TEXTAFTER(G23,"-")),".",":"))- TIMEVALUE(SUBSTITUTE(TRIM(_xlfn.TEXTBEFORE(G23,"-")),".",":")))*24, "")
C24: รวมเวลาที่สอน | D24: ปริญญาตรี | H24: =IF(C9="ป.ตรี", SUM(H9:H23),"") | I24: =IF(C9="ป.ตรี", SUM(I9:I23),"")
D25: ปริญญาโท/เอก | H25: =IF(OR(C9="ป.โท", C9="ป.เอก"), SUM(H9:H23),"") | I25: =IF(OR(C9="ป.โท", C9="ป.เอก"), SUM(I9:I23),"")
A26: จำนวนเงินที่ขอเบิก
B27: - ปริญญาตรี (ภาคปกติ) | C27: - | D27: ชั่วโมง | E27: อัตราชั่วโมงละ | F27: 40 | G27: บาท
B28: - ปริญญาตรี (โครงการพิเศษ) | C28: =IF(C9="ป.ตรี", SUM(H24:I25),"-") | D28: ชั่วโมง | E28: อัตราชั่วโมงละ | F28: 50 | G28: บาท
B29: - ปริญญาโท/เอก (ภาคปกติ) | C29: - | D29: ชั่วโมง | E29: อัตราชั่วโมงละ | F29: 50 | G29: บาท
B30: - ปริญญาโท/เอก (ภาคพิเศษ) | C30: =IF(OR(C9="ป.โท", C9="ป.เอก"), "เหมาจ่าย","-")
A33: ผู้ปฏิบัติงาน | E33: อาจารย์ผู้สอน | H33: ผู้รับรอง
A35: ลงชื่อ…………....…...……………….....… | D35: ลงชื่อ…………..............…………………… | H35: ลงชื่อ…………....………….........…………
A36: =ตารางสอน!B22 | D36: =ภาคปกติ!D36 | H36: =ภาคปกติ!H36
A37: วันที่….เดือน…………..…พ.ศ…..…… | D37: วันที่….เดือน…………..…พ.ศ…..…… | H37: ตำแหน่ง หัวหน้าสาขาวิชาวิทยาการคอมพิวเตอร์
H38: วันที่……เดือน.………..…พ.ศ…..…
